PartNumber,Description,Cost,Price,OEM,Hollander
DA21,AMC 1987-90 4.2L BL# 444 HD# 661,250,450,DA21,"7942C,7942D,7942F"
DA28,"CHRY 2.5L, RWD, EFI, W/O Fuel Pump, Vin H, P, E, W/ 2"" Crank Snout, W/ Flat Tappet Camshaft, App..., CHRY 2.5L (AMC) B: 200, 059, 532, 403 H:2403,117 1987-96..",200,350,L2597JEEP,7325 7225B 7425B
DA30,"CHRY 4.0L (AMC) B:405 H:119, 7120 1991 JEEP",75,200,L4091JAF,7340B 7340E
DA32,"CHRY 4.0L (AMC) BL# 569, 341 H: 630 CK:767, 411",100,200,L4096JAF,7440A 7440B
DA33,"CHRY 4.0L (AMC) B:327, 328AB H: 331",100,175,L4099JSF,7740A 7740C 7740D
DA34,"CHRY 4.0L (AMC) B: 449AA H: 331 CK: 41, CHRY 4.0L (AMC) B: 449AA H: 331 CK: 411",250,250,L4000JAF,7840
DA35,"CHRY 4.0L (AMC) B:514, 515 H:630 1999 CHER, WRANGLER",75,125,L4098JSF,7440A
DA36,"CHRY 2.5L, RWD, EFI, W/O Fuel Pump, Vin H, P, E, W/ 2"" Crank Snout, W/ Flat Tappet Camshaft, App..., CHRY 2.5L (AMC) B:200, 059, 532, Or 403. H: 403, 117",200,300,L2597JEEP,7225A 7425A
DA37,CHRY 4.0L (AMC) B:449AA H: 630 CK: 411,250,250,L4099JAF,7640
DB55,"BUICK 3.8L 1995-96 BL-24502287 HD-478, 4781",50,125,DB55,14738AW
DB57,"BUICK 3.8L FWD BL# 029 HD# 134,781,134 C/S# 2170",50,0,,14738A/B/C
DC04,"GM 5.0L/305 BL-776,777,778,979,909 HD- 450,434",75,150,DC04,"5050A, 5050B"
DC05,GM 305 CARB. BL# 201/203 HD# 416/601,25,100,,5044A 5044B 5050A 5050B
DC08,"GM 5.7l B: 010, 379, 014, 388 ,678 245 H: 993, 991 ,339, 487, 882 ,624",150,,72610,300-5057A-F
DC08-SB,"GM 5.7L/350 010,014 2 BOLT SHROT BLOCK",100,150,DC08s,N/A
DC09,"GM 5.7L/350 BL# 010,014,379 WITH 4 BOLT MAIN HD# 441,624,487",150,250,L350,5050C 5057A 5057B 5057C 5057D
DC09-SB,"GM 5.7L/350 SHORT BLOCK 4 BOLT MAIN 010,014",100,125,,5050C 5057A 5057B 5057C 5057D
DC11,"GM 5.7L/350 207,209 block, 624 head 2 bolt main",150,250,DC11,5057D 5057E 5057F 5057J
DC111,"GM 6.2L 2007-09 Block - 12584724, 12621766, Heads - 821, 364, 716, 823, Crankshaft - 216, Non D....",750,1000,L6207GMCAL,5162A/B
DC112,"GM 6.2L 2009-13 Block - 12584724, 12621766, Heads - 821, , Crankshaft - 216, Non D.O.D. With V.V.T.",750,1000,L6209GMCAL,5262
DC12,"GM 5.7L B: 207, 209, 036 H: 624, 642, 114 4-BOLT",150,150,726910,5057D 5057E 5057F 5057J 5057M
DC12-SB,"GM 5.7L/350 BL# 207,036 SHORT BLOCK 4 BOLT MAIN",100,200,DC12s,NA
DC25,"GM 366 1991-96 BL# 183 HD# 140,933",150,250,L36691M5,N/A
DC29,GM 229 B: 594,50,100,,.
DC43,"GM 7.4L/454 B: 289,321,293,959,445 H: 049, 781 , 292",75,,,5074A
DC44,"GM 7.4L/454 75-89, GM 7.4L BLOCK 959,445,286,289,321,293 HEAD 236,045,360,241",200,250,,5074A 5074B 5074C
DC52,GM 366CI 1968-1990,150,200,,NA
DC74,"GM 250 B: 968, 817, 036, 178, 257 H: 52, 763, 084",75,150,,2250 5141A 5141B
DC99,GM 4.3L # 867-768-CRANK# 865,60,125,DC99,5043C
DCA2,"GM 5.7L/350 WITH FPH- BLOCK 548, 727, ,638, ,148 HEADS 193, 191 , 810 NON ROLLER CAM, 4-BOLT",200,325,L35086E4,5157A 5157X
DCA3,GM 5.7L 638 2 BOLT ROLLER CAM,100,250,,.
DCA5,"GM 5.0L Block - 460776, 460778, 460777, 460779, 355909, 361979, Heads - 14014416, 14022601, 1402...",75,,L30576AT,5150A
DCA9,"GM 5.0L/305 BLOCK 627,551,058 HEADS 187,081 NON ROLLER W/O FUEL PUMP CBVC",75,150,L30586EE,5150A 5150B
DCAD,GM 2.0L 2013-15 LTG FWD HD# 12626885,100,200,DCAD,6120B
DCB1,"GM 5.7L B: 638, 880 H: 191, 193 NON ROLLER, WFPH, 2BOLT",100,325,L35086E2,5157A 5157X
DCB3,"GM 5.0L/305 NON ROLLER W/FUEL PUMP, GM 5.0L/305 BLOCK 627,551,058,766 HEADS 416,301,450 NON ROLLER W/FUEL PUMP CBVC",75,150,L30586DC,5150B
DCC4,"GM 4.3L Block - 867, 756, 073, 061, 683, 011, Heads - 768, 070, 064, 103, Crankshaft - (865, 640...",75,150,L4387,05043C 05043D 05043E
DCC5,"GM 7.4L/454 182/156 7/16"" THREADS BOTH HEADS",250,450,L45491M5,5174B/C
DCC7,"GM 4.3L Block - 903, 834, 534, 535,090, 359,  Heads - 181, 626, 064, 209, Crankshaft -  (865, 64...",35,125,L4392W,5243A 5243C
DCE1,"GM 7.4L/454 B: 182 H: 156 7/16"" BOTH HEADS",300,350,L45491M5,5174B/C 5194A 5194B
DCEG2,GM/CADILLAC ATS R/AWD 2013-15 2.5L HEAD # 12648918,100,300,DCEG2,5125A
DCEH,GM 2.4L BL# 12612776 HD# 12589641,100,200,DCEH,N/N
DCEV,GM 2.5L 2014-2015 MALIBU-IMPALA ..BL#    HD# 12666506 or 12657191,115,250,DCEV,5225
DCEW,"GM 2.4L B: 782,995 H: 279, 282 ECOTEC....",125,200,"C24103L/ENG,2.4L ECOTEC BC 255L",300-10262
DCEY,GM 2.4L H:282 CALIF,125,175,"C24106L/ENG,2.4L ECOTECH BC 256",300-10263
DCF4,"GM 7.0L/427 B: 184 H: 140, 933 CK 187,189 TRUCK",75,2,L42791M5,
DCF9,"GM 1994-95 FWD 2.2L BL# 19215666, 10141927, 5396 HD# 19112391, 10112391-S",50,150,L2294RWD,5222
DCFA,"GM 5.7L 880/062,906 VORTEC 4-BOLT METRIC THREAD BLOCK",150,300,L35096V4M,5857C
DCFC,"GM 5.7L 880/062,906 VORTEC 2-BOLT METRIC THREAD BLOCK",350,450,L35096V2M,5857C
DCFH,"GM 5.0L Block - 878 metric , Heads - 520, 059, Crankshaft - 14088526",150,325,L30596V2M,5250
DCFM,GM 6.6L 2001-04 BL# 4133000505 HD# 587/687-3,450,1000,DCFM,5166
DCG1,GM 1.4L TURBO 2011-16 BL# 55577377 HD# 55573669/55565291,115,175,CAM12101/1.4 TURBO 0144 FAMO AF,5414A/B  5514
DCH4,"GM 5.7L 880/062,906 VORTEC 2-BOLT",350,450,L35096V2,5857A
DCH4-SB,GM 5.7L 880 BLOCK SHORTBLOCK,100,300,L35096V2,.
DCHE,GM 5.3L GEN III ALUM 243/799,75,2,,5953B
DCK2,"GM 7.4L 297/279,241 ROLLER CAM",400,650,L45498M6,5274
DCK5,"GM 4.3L Block - 196, 359, Heads - 181, 209, Crankshaft - 865, 640, 480",75,125,L4395W,NA
DCK7,GM 2.2L B:521 H: 391-S,75,150,L2296RWD,5322B 5322C
DCK9,"GM 4.3L Block - 14099090, Heads - 12556140, 10235772, Crankshaft - 865, 640, 480",50,150,L4396W,5943A
DCM2,"GM 5.0L Block - 878, Heads - 520, 059, Crankshaft - 14088526",200,375,L30596V2,5250
DCM5,"GM 5.7L/350 NO FPH- 880,638,548,148 block  810,191,193,187 heads non roller 4 bolt efi",200,325,L35086E4,5157A 5157X
DCM6,"GM 5.7L 638,880 / 191,193 NON ROLLER 2 BOLT",200,325,L35086E2,5157A 5157X
DCM7,"GM 5.0L/305 BLOCK 058,327 HEADS 187,081 ROLLER CAM W/O FUEL PUMP CBVC",75,150,L30587R,5150C
DCM9,"GM 5.7L 880/062,906 VORTEC 4-BOLT",350,450,L35096V4,5857A
DCM9s,GM 5.7L/350 SHORT BLOCK #880 4 BOLT MAIN,100,150,DCM9s,N/A
DCN7,GM 5.7L/350 BL# 638/548/148 HD# 217/083,150,200,,5057M 5157B
DCR9,"GM 5.7L LT1 B: 327 H 374, 561 CAMARO, FIREBIRD",150,,,15257A
DCRC,"GM 4.8L Block - 4.8/5.3L IV NO VVT, Heads - 243, 799 (1-4) 5 bump  RIVET, Crankshaft - 482/58 to...",250,400,L4807GMC,5548A 5548B
DCRC-LB,"GM 4.8L Block - 4.8/5.3L IV NO VVT, Heads - 243, 799 (1-4) 5 bump  RIVET, Crankshaft - 482/58 to...",200,400,L4807GMC,.
DCRE,"GM 4.8L Block - 4.8/5.3L IV WITH VVT, Heads - 243, 799 (1-4) 5 bump  RIVET, Crankshaft - 482/58 ...",250,400,L4810GMC,5648
DCRE-LB,"GM 4.8L Block - 4.8/5.3L IV WITH VVT, Heads - 243, 799 (1-4) 5 bump  RIVET, Crankshaft - 482/58 ...",200,400,L4810GMC,.
DCT1,"GM 5.7L LT1 B: 327 H: 290, 320 CAPRICE, ROADMASTER",75,,,15257D
DCT11,GM 6.0L GEN IV N/DOD W/VVT 823/5364 W/TC&OP,450,750,L6007GMC,15360A 15360B 15360D
DCT12,"GM 6.0L 12568952, Heads - 821, 364, 716, 823, W/VVT & DOD.., GM 6.0L 12568952, Heads - 821, 364, 716, 823, W/VVT & DOD",500,1000,L6007GMCAL,15260
DCT13,"GM 6.0L - L96 2010-15 TRUCK, SUV, VAN",500,650,L6009GMC,15360C
DCT14,"GM 6.0L 2007-09 trailblazer/sabb9x7 ..952 block, 243 heads, no VVT, no MDS all aluminum",250,600,,5360
DCT15,GM 6.0L HYBRID 2008-13 BL# 12577461 HD# 243 C/S 216 58T,300,600,DCT15,15460A/B
DCT18,"GM 5.3L GEN IV W/TC NON DOD 243/799 2008-09, GM 5.3L GEN IV W/TC NON DOD 243/799 HEAD W/TC & OP",200,300,L5309GMC,15553A 15553B
DCT19,"GM 5.3L GEN IV W/VVT N/DOD 2010-14, GM 5.3L GEN IV W/VVT N/DOD 243/799 HEAD W/TC&OP",200,400,,15753
DCT20,"GM 5.3L GEN IV W/VVT W/DOD 2010-14, GM 5.3L GEN IV W/VVT W/DOD 243/799 HEAD W/TC&OP",250,400,L5310GMCCI,15453
DCT20-LB,GM 5.3L GEN IV W/VVT W/DOD 243/799 HEAD W/TC&OP,200,300,L5310GMCCI,NA
DCT21,GM 5.3L GEN V ALUM BLOCK DI W/VVT W/DOD,300,500,L5314GMCAL,5453
DCT23,GM 6.0L GEN IV 823/5364 W/VVT N/DOD 2011-16..,450,750,L6007GMC,15760
DCT28,"GM 3.7L B;643, 811, 366 H: 8265D VVT 12589782 2008-12 COLO, CANY, H3",175,300,,5437
DCT29,"GM 2.9L 07-12 CANYON, COLO",175,150,,300-5029
DCT30,"GM 2.9L 12579139 or 126283370 block, 8267 head, Reluctor# 12589782",100,300,,5029
DCT6,GM 2.2L FWD BL# 035 HD# 507 W/EGR,75,150,L2298RWD,5002A
DCT8-RD,"GM 5.3L Block - 4.8/5.3L, Heads - 862, 706, (3-2) 5 bump, Crankshaft - 216, 5 hole ring (2O) rou...",100,250,L5399GMC,5053 5253A/B/C/D/E 5953A/C
DCT8-RD-LB,"GM 5.3L Block - 4.8/5.3L, Heads - 862, 706, (3-2) 5 bump, Crankshaft - 216, 5 hole ring (2O) rou...",100,250,L5399GMC,NA
DCT8-SQ,"GM 5.3L Block - 4.8/5.3L, Heads - 862, 706, (3-2) 5 bump, Crankshaft - 216, 5 hole ring (2O) squ...",100,250,L5305GMC,
DCT8-SQ-LB,"GM 5.3L Block - 4.8/5.3L, Heads - 862, 706, (3-2) 5 bump, Crankshaft - 216, 5 hole ring (2O) squ...",100,250,L5305GMC,NA
DCT9,"GM 6.0L 364/873 CAST BLOCK AND HEADS, GM 6.0L GEN III 364/873 CAST BLOCK AND HEADS",150,400,L6099GMC,5060
DCT91,"GM 6.2L 2010-14 Block - 12584724, 12621766, Heads - 821,364,823 , Crankshaft - 216, With D.O.D. ...",750,1000,L6210GMCAL,5662
DCT97,GM 6.2L 6.2 14-17 GDI ENGINE,750,1000,,5762
DCT97+,GM 6.2L G.D.I. PLUS 2019-UP,750,1000,DCT97+,NA
DCT99,GM 6.2L B: 766 H: 821 W.OIL COOLER CAMARO OIL PAN,650,1000,,.
DCTC-RND,"GM 4.8L Block - 4.8/5.3L III, Heads - 862, 706, (3-2) 5 bump, Crankshaft - 482, 4 Hole Ring or 5...",75,250,L4899GMC,5148 5348
DCTC-RND-LB,"GM 4.8L Block - 4.8/5.3L III, Heads - 862, 706, (3-2) 5 bump, Crankshaft - 482, 4 Hole Ring or 5...",75,250,L4899GMC,.
DCTC-SQ,"GM 4.8L Block - 4.8/5.3L III, Heads - 862, 706, (3-2) 5 bump  RIVET, Crankshaft - 482 5 Hole Rin...",100,250,L4805GMC,5248 5448 5748A/B/C 5848A/B
DCTC-SQ-LB,"GM 4.8L Block - 4.8/5.3L III, Heads - 862, 706, (3-2) 5 bump  RIVET, Crankshaft - 482 5 Hole Rin...",100,250,L4805GMC,.
DCTE,"GM 3.9L B:641,449,272,188,102 H:746,610 C/S: 366",75,150,,300-2039A/B/G
DCTF,GM 6.0L GEN III 317/035HEAD ROUND ROD W/TC&OP,300,450,L6001GMC,5660A/B/C
DCTJ,"GM 3.7L B;643, 811, 366 H: 8265D VVT 12575415 2007 COLO, CANY, H3",175,,,5337
DCTK,GM 6.0L GEN III 317/035 HEAD SQ ROD W/TC&OP,300,450,L6005GMC,5460A/B/C
DCTM,"GM 5.3L GEN III 2003-04 BL# 910 HD# 862,706",75,150,DCTM,5753
DCTT,"GM 2001-04 CORVETTE BL# 1261168,12560626 HD# 12559853,12564241 BAT WING OIL PAN",200,600,DCTT,5008A 5657
DCTX,"GM 5.7L LS1 B: 626, 168, 678 H:853, 241 01-02",150,400,,5008B
DCTY,"GM 3.5L B: 846 H:3261D VVT 12179011 2004-05 COLO, CANY",100,,,05135A
DCTZ,GM 3.5L B: 846 H:3261D VVT 12581569 2006 COLORADO,100,,,05135A 05135B
DCV4,"GM 5.7L LS1 1999-00 12560626, or 12559378 block, 12559853, 241, 863 heads",250,600,DCV4,300-05007A
DCV7,"GM 2.2 B: 035, 521 H: 146 RWD",75,150,L2299RWD,5015A/B 5004
DCVF,GM 2.8L BL# 840 HD# 4059 RELUCTOR# 182/012,100,175,,05528
DCVN,"GM 3.5L BL# 12577641 HD# 12590746, 12624610 C/S# 425",50,125,DCVN,5535 5635 2135 2235B/C/D/E
DCVQ,"GM 2007-2008 ACADIA,ENCLAVE,OUTLOOK BL-12601922 HD-12600045/041 FC-",150,300,DCVQ,05136
DCVW,"GM 3.6L B: 402 RH: 614, 771 LH: 609 2010-11 ACAD, ENCL, TRAV, CAMRO",115,,,10118 15136D/E
DCVW2,"GM 3.6L B: 402, 498 RH: 614, 771 LH: 609 2012-17 ACAD, ENC, TRAV",115,,DCVW2,10119 10120
DCVX,"GM 3.6L B: 922, 401 RH: 614, 771 LH: 609 CTS, ACADIA, TRAVERSE 2008-09",115,,DCVX,15136A/B 10117
DCW1,"GM 4.3L Block - 14099090M, Heads - 12556140 non roller rocker, 10235772, Crankshaft - 255",75,150,L4399X,5943C/D
DCW2,"GM 8.1L/496 2001 Block - 12558110, Heads - 12558162, Crankshaft - 430 #699 TIMING GEAR..",500,750,L49601VT,05181A
DCW3,"GM 4.3L Block - 14099090M, Head - 12557113 roller rocker, Crankshaft - 255; Use W/ Heavy Rods. 1...",75,150,L4300,5012
DCW4-L4301,"GM 4.3L Block- 14099090M, Head - 12557113/114 roller rocker, Crankshaft - 255. Use W/ Heavy Rods...",75,150,L4301,5026A/B 5943E 5019
DCW4-L4303X,"GM 4.3L Block- 14099090M, Heads - 12557113/114 roller rocker, Crankshaft - 255. Use W/ GKN Rods....",100,75,L4303X,5026A/B 5943E 5019
DCWA,GM 3.0L B: 176 H: 610/611,85,250,DCWA,6330 6630 6930
DCWC,"GM 8.1L/496 2002-03 Block - 12558110, Heads - 12558162, Crankshaft - 430, 298 TIMING GEAR 872/762, GM 8.1L/496 2002-03 Block - 12558110, Heads - 12558162, Crankshaft - 430, 298 TIMING GEAR 872/762..",500,750,L49602VT,05181A
DCWE,"GM 8.1L/496 2004-07 Block - 12558110, Heads - 12558162, Crankshaft - 430, 298 TIMING GEAR 766, GM 8.1L/496 2004-07 Block - 12558110, Heads - 12558162, Crankshaft - 430, 298 TIMING GEAR 766..",500,750,L49604VT,05181B
DCWT,"GM 5.3L GEN IV W/DOD 2007-09, GM 5.3L GEN IV W/DOD N/VVT 243/799 HEAD",250,400,L5307GMCCI,15153A/B/C/D
DCWT-LB,GM 5.3L GEN IV W/DOD N/VVT 243/799 HEAD MISSING SHEETMETAL,200,400,L5307GMCCI,NA
DCX1,"GM 4.3L Block - 12600234, Heads - 12557113, Crankshaft - 255",125,250,L4307X,5149
DCX10,GM 6.6L LML HEAD#704 COMPLETE,1000,1500,CAAGMDMX8L,300-5866A / 300-5866B
DCX14,"GM 5.3L GEN IV 048/900-ALM W/VVT W/DOD 2010-14, GM 5.3L GEN IV 048/900-ALM W/VVT W/DOD 243/799 HEAD W/TC&OP",300,450,L5310GMCAL,15953
DCX14-LB,GM 5.3L GEN IV 048/900-ALM W/VVT W/DOD 243/799 HEAD INCOMPLETE,300,450,L5310GMCAL,.
DCX2,"GM 5.3L Block IV 12569513 or 12601900, Heads 243, 799, Crankshaft  DUAL DISC #216 WITH CAM SENSO...",200,400,DCX2,"15053, 5853"
DCX4,"GM 5.3L GEN IV 048-ALM W/DOD 2007-09, GM 5.3L GEN IV 048-ALM 243/799 HEAD N/VVT W/DOD W/TC&OP",300,450,L5307GMCAL,15253A/B/C/D
DCX5,"GM 5.3L FWD 2007-09 12569004 block, 243/799 heads",150,300,DCX5,5553 4053
DCX8,GM 6.6 DURAMAX LMM 2007-10 ..BL# 4102050411 HD# 476-1,750,2,DCX8,5766A 5766B
DCXF,GM 3.9L HEAD 746/610 OHV BUICK LUC,75,150,,5039A / 5039B
DCXH,GM 4.3L 14-16 ENGINE,250,,L4314GM,5244
DCXK,"GM 3.6L B:490 RH: 959 LH: 958 2012-15 IMP, LACR",100,,DCVK,5736 5936 5306
DCXR,"GM 3.6L GDI B: 490 RH: 959 LH: 958 NON SMOG 2014-16 ATS, CANY, COLO",115,,,5086A/E/G/H/J
DD41,CHRY 3.9L 1988-90 BL# 4323730 HD# 979/709,75,150,DD41,"8339, 8239B, 8239C, 8239D"
DD44,"CHRY 360/5.9L 4315830,3006921 block, 345,348,308 pol. head, roller cam",50,1250,DD44,8059E
DD57,CHRY 3.9L BL# 964-053-006-711 HD# 680 MAG,50,100,DD57,N/A
DD58,"CHRY 5.2L/318 BL# 53006714, 53006657 HD# 6671, 466",100,175,L5292MAG,8152A/B/C/D
DD72,"CHRY 5.9L/360MAG BL-006-MAGNUM HD- 671,466",75,175,L5992MAG,8159 8759
DD92,CHRY 8.0L V-10 B:095 H:854,200,2,,8180B
DD93,CHRY 4.7L 661-ABK/AE/AF 802/801AA-N/EGR 1999-04 16T..,100,250,L4799CR,"7047A/B, 7147A/B/C"
DD94,"CHRY 2.7L B: 611 H:979, 697",100,2,,8027A 8027B
DDA2,"CHRY 5.9/360 BL#53020006-AB  HD# 3418640,995,169 4 BOLT MOUNT",100,200,L5903MAG,7059
DDA3,"CHRY 3.8L 511AA/688AA(AB), 049AA W/EGR LEFT HEAD",100,2,L3801CR,8438A 8438B
DDA4,"CHRY 4.7L 661AE-4 / 802,804, 801AA, 803 NON-EGR 32T",125,250,L4702CR,8048C 7547C/D 7647
DDA5,"CHRY 4.7L 661ABK, AE-4 / 458, 457 HO 2002-04 JEEP, CHRY 4.7L 661ABK, AE-4 / 458, 457 HO",100,250,,"7148, 7247"
DDA8,"CHRY 3.7L 977/983(AB),984(AB) NON EGR 12T, CHRY 3.7L 977/983(AB),984(AB) NON EGR W/O EGC 12T",100,200,L3702CR,8137 8937
DDC6,"CHRY 3.7L 977/984AB,983AB NON EGR W/NGC 32T",100,200,L3704CR,8237A/B/C/D
DDC8,"CHRY 3.8L 511AB/688AB, 688AA, 049AA, CHRY 3.8L 511AB/688AB, 688AA, 049AA EGR FRONT LEFT..",100,2,L3804CR,8938A 8938B
DDE1,"CHRY 3.8L, FWD, W/ Roller Camshaft, Vin (L), Application - Chrysler Mini-Van..oil filter adapter..., CHRY 3.8L Block - 4781511AB, 4666031AA, 4666031AB - Can be used only if there are ( 3 ) 8mm bolt...",75,2,L3805CR,8938A 8638A
DDF1,"CHRY 2.7L B:661 H: 064AA, 068AA",50,2,,8527 8962A/B/C
DDF3,"CHRY 5.7L 319AG,CB / 616AJ,BA NON MDS/EGR 2003.., CHRY 5.7L 319AG,CB/ 616AJ,BA NON MDS/EGR 2003",150,350,L5703CR,8057
DDF7,"CHRY 4.7L 661AF,033AA /RH: 802, 804 LH: 801AC W/EGR W/EGC 32T 4WD BLOCK, CHRY 4.7L 661AF,033AA /RH: 802, 804 LH: 801AC W/EGR W/EGC 32T 4WD BLOCK, 2 HOLES UNDER CASTING",150,250,L4704EGRCR,7447C/D/E 8048Y
DDF9,"CHRY 4.7L 661AF, 033AA / RH 802,804, LH 801AC, 803 NON EGR W/NGC 32T",125,250,L4704CR,7447A 8048D 7547C
DDH1,"CHRY 3.7L 977/983AD,983AC NON EGR W/NGC 32T",100,200,L3705CR,8437A 8537A/C 8637A 8337A/B
DDH2,"CHRY 3.7L 977,934AA/984AC,983AD EGR W/NGC 32T",125,225,L3707CR,8437B 8537B/D 8637B 8837 8737
DDH5,"CHRY 3.5L B: 660AA,AB / H:4663894AC/T/R  4792728AA..",50,2,,8635 8735 8835
DDH8,"CHRY 5.7L 319AG,CB / 616AJ,BA W/EGR NON-MDS 2003.., CHRY 5.7L 319AG,CB / 616AJ,BA W/EGR NON-MDS",150,350,L5703EGRCR,8157 8257 8757
DDH9,"CHRY 5.7L 319AG,CB / 616AJ,BA W/EGR W/MDS 2005.., CHRY 5.7L 319AG,CB / 616AJ,BA W/EGR W/MDS 2005",100,350,L5705CR,8557B 8657 10072
DDHA,"CHRY 3.6L B:841AH, AI H: 510AJ, 445AI 3/8-18 SENSOR 05184318AI T/C..",150,250,CAAC3611L,8007A 8007B 8007C 8007D
DDHA2,"CHRY 3.6L B: 841AA, 1003 H:510AJ, 445AI M12X1.5 SENSOR 05184318AI TC",150,250,CAAC3614L,8007A/B 8042 8095A/B
DDHA2-3.2L,CHRYS. 3.2L 2014-2022,150,250,DDHA2-3.2l,NA
DDHB,"CHRY 3.6L B: 841AH/AI H:445AI, 249AF RAM 1500 3/18-18 SENSOR 04893144AB T/C",75,250,CAAC3611L,8008 8009
DDHB2,CHRY 3.6L RAM 1500. PROMASTER 2014+,150,150,,ADD
DDHC,"CHRY 4.0L V6 B: 586AA H: 728AA, 894AC",75,0,,.
DDHD,"CHRY 3.6L 2012-13 JEEP, CHRY 3.6L B: 841AI H: 510AJ, 445AI SLANT CUT BLOCK JEEP 3/8-18 SENSOR",150,275,CAAC3611LJ,8236
DDHD2,CHRY 3.6L 14-17 WRANGLER,150,250,CAAC3614JL,300-7965
DDHH,"CHRY 3.6L B:461AF H: 811AA, 810AF 4893939AE T/C",115,250,,7862A/B
DDHH?,CHRY 3.6L WRANGLER/JEEP  2018-UP BL-04893461AF HD-04893811AF FC-68241121AD OP- 68313582AB,150,300,DDHH?,NA
DDK1,"CHRY 5.7L 319AG,CA,CB / 616AJ,BA W/EGR W/MDS W/PS ON LH 2005.., CHRY 5.7L 319AG,CA,CB / 616AJ,BA W/EGR W/MDS W/PS ON LH 2005",250,350,L5705CR,8357 8457 8557A 8557C
DDK3,"CHRY 3.8L 2007 CARAVAN/TOWN & COUNTRY Block - 4666031AB, Heads - 4694688AB, 4694688AA, 4666049AA...",100,200,L3807CR,8638A
DDK4,"CHRY 3.8L 2007-08 PACIFICA Block - 4666031AB, Heads - 4694688AB, 4694688AA, 4666049AA, Crankshaf...",100,200,L3807CRP,8738
DDK5,"CHRY 3.8L, RWD, W/ Roller Camshaft, Vin (1), Application - Jeep Wrangler Only.., CHRY 3.8L 031AB/031AB, 688AA, 049AA..EGR AT REAR RIGHT",150,2,L3807CRW,7963
DDK8,"CHRY 4.7L HO 331AB, 033A / 485, 457 32T W/NGC",100,250,,"7048A/B, 7847, 7947"
DDK9,"CHRY 4.7L 661AF, 033A / 128AA, 129AA 16- PLUG W/EGR",250,350,L4708EGRCR,8047A/B
DDM1,CHRY 6.1L 388AB / 369AA W/EGR IN RIGHT HEAD,600,400,,8161A 8161B
DDM2,"CHRY 5.7L 319DK, 318DL / 616DE/DD W/VVT W/MDS PASSIVE INTAKE 2009.., CHRY 5.7L 319DK, 318DL / 616DE/DD W/VVT W/MDS PASSIVE INTAKE",200,550,L5709CR,8981 8988 8978 8079
DDM3,"CHRY 5.7L B: 319DK, 318DL H: 616DD,DE W/VVT NON-MDS PASSIVE INTAKE HP.., CHRY 5.7L B: 319DK, 318DL H: 616DD,DE W/VVT NON-MDS PASSIVE INTAKE HP",200,550,L5709HPCR,8980
DDM4,"CHRY 5.7L B:319DK, 318DL H:616DD,DE W/VVT W/MDS ACTIVE INTAKE 2010, CHRY 5.7L B:319DK, 318DL H:616DD,DE W/VVT W/MDS ACTIVE INTAKE",350,550,L5710TCR,8258
DDM42,"CHRY 5.7L B: 319DK,DL H: 616DD,DE W/MDS W/VVT 2013",300,550,L5713CR,8010
DDM5,"CHRY 5.7L B: 319DK, 318DL H: 616DD, DE W/VVT NON/MDS ACTIVE INTAKE 2009",350,550,L5709HPCR,8158 8358
DDM52,"CHRY 5.7L B: 619DK, 618DL H:616DD, DE W/O MDS W/VVT 2013+ 2500-3500",300,550,L5713TCR,8010
DDM9,"CHRY 6.4L B:05037473 H: 05037369BD  W/VVT & MDS 11-17 HEMI CHARGER, CHALLENGER, GRAND CHEROKEE,300",600,1200,,"8992/4,8064A/B,8011/44/97"
DDMA,CHRY 6.4L B:       H:369BD  NON-MDS NON-VVT 11-15 CHALLENGER,250,2,,8993 8012
DDMB,CHRY 6.4L B:05045481AB or 68249194AA H:05045468AE 14-17 RAM 2500/3500,600,1200,DDMB,8019
DDR1,"CHRY 3.8L FWD 4666031AB block, 4666031AB heads, 4694688AA, 4666049AA, Crankshaft - 6433 / 620AA..",50,250,DDR1,8838A
DDR2,"CHRY 3.3L 4666031AB / 688/049AA,AB..",50,2,,8933
DDR3,"CHRY 3.8L 2008-11 WRANGLER Block - 4666031AB, Heads - 4666049AA, 4694688AA, 4694688AB (01-07 app...",150,250,L3808CRW,7038
DDX41,"CHRY 2.4L 2010-17 #0488510AD/04884510AC..SBRING,AVENGER,200,PARIOT",50,175,DDX41,"8972A/C, 8982, 8990, 8996, 101"
DDX5,"CHRY 2.4L 2015-2017 DART,200 HD# 05047338AE",100,300,DDX5,8050A/B  7060A/B
DF02,"FORD 2.3L OHC D42E/D6EE/D8EE/D9 block, D42E/D6EE/D8EE/D7EE/D9 head, tin Front Cover, tin Oil Pan",35,200,DF02,9023A 9023B
DF08,"FORD 300 BL# D5TE,E1TE,D3TE,D1AE,D2AE HD# D2TE,C8TE,E4TE NO POL HOLES",100,150,DF08,9049A/D/E
DF10,"FORD 302 C8TE-B,C8AE,D1MZ-AA,C8OE block D0OE,C8AE-J,D3UE heads",100,200,,9117 9302A/P/Y/Z
DF12,FORD 302 E7TE/E6SE ROLLER NO KN SEN.,200,200,,9450E
DF15,FORD 351W D9AE / D8OE,100,250,,9158
DF16,"FORD 351M/400 B:D4AE, D7TE H: D5AE",100,250,,.
DF17,"FORD 360 BL# C8AE,D3TE,D4TE,C6,C5 HD# C8AE,D2TE,C2,C4,C7,C1",150,250,DF17,9352E 9352F 9360A
DF21,"FORD 400/351M BL# D1AE,D2AE,D3,D4,D5,D7TE,HD# D0AE,D1AE,D3AE,D4AE,D5AE",100,175,DF21,9400A 9400B 9400C 9400D
DF23,FORD 460 1979-85 BL# D9TE HD# D3VE,200,250,DF23,9175A/C/D
DF34,FORD 351W E4AE/E5AE NON ROLLER H.O.,150,175,L351W85T,.
DF38,FORD 351C BL# D2AECA-D0AEJ HD# D1AE-D4AEAA,100,250,DF38,N/A
DF39,"FORD 351W D4AE, D2AE / D5AE",150,,,9058A/D/K/Q
DF41,FORD 351W BL# D4AE HD# D5OE,0,0,,N/A
DF43,"FORD 300 B: E7TE-PA,DB,VA, F2TE, F0TE H: E5TE-VA, E6TE-VA, E7TE-DC WITH POL. TUBES",100,2,L30087WT,9149A 9149B
DF46,"FORD 302 B: EOAE, E5AE, E65E H: D8OE, E5AE, E65E NON ROLLER",200,200,,9450A/B/C/G
DF63,"FORD 200 C8DE block, C6DE, D8DE, C9DE head 1968-1969",100,,,
DF69,"FORD 3.8L B:E3AE, 4AE, E5AE H:E4ZE-B9C,E4SE-AA,E5AE-CA LATE CAM W/THRUST NON ROLLER NO BALANCE",75,175,,300-9038C
DF71,"FORD 289 C3AE,C5AE,C4OE block, C3,C5,C6OE head",150,200,df71,9289B 9289C
DF81,"FORD 300 B:E1TE-AA, E5TE-AA. D5TE-AA H: E5TE, E6TE, E7TE SMOG HEAD",75,125,L30085WT,9049C
DF95,"FORD 3.0L Block - E6AE-AE, E6AE-AG, E9DE-EA, Heads - E6AE-HB, E6AE-HC, Crankshaft - E6AE-AH, F58...",50,100,L3086VF,9030A/B
DF96,FORD 370 CI D9TE-BB / D9TE 1VAB CRANK 4BRL TRUCK,1,2,L370854,
DFA1,"FORD 351W B:E5AE, E9,F0, E4, F4 H: E7TE-PA H.O. SMOG NON ROLLER",200,200,L351W88T,9258A
DFA3,"FORD 7.5L/460 Block - D9TE, Heads - E6TE-DA, Crankshaft - 3Y, 3YA, 3YAB..",125,200,L460854,9175C 9175D
DFA4,FORD 302 B:E7TE H: E7TE TRUCK NON ROLLER W/KNOCK,200,250,L30287KSF,.
DFA5,"FORD 300 B: E1TE-AA, E5TE-AA, D5TE-AA H: D2TE-AA, D4TE-MA, E6TE-VA N-SMOG, W/FP HOLE",100,125,L30083NT,9049D
DFAC,"FORD 4.0L 97JM with bal. shaft block, 97JM head, 97JM-AD front cover, 5L2E-AA oil pan",100,250,L4097WBS,09009A/B/C
DFAE,"FORD 4.6L 2V XW7E BIG HOLE block, 1L2E head, XR3E-BB front cover, F7ZE-AA/AB or XR3E-DB oil pan..",125,350,L4601R2M,"09083C,F,G"
DFAE-LB,"FORD 4.6L 2V XW7E BIG HOLE block, 1L2E head, XR3E front cover, NO OIL  PAN",100,150,L4601R2M,NA
DFAF,"FORD 4.6L 2V XW7E BIG HOLE block, 1L2E head, F65E front cover, F7UE oil pan",150,350,L4601R2V,09077C
DFAJ,"FORD 4.6L 2V XW7E SM HOLE block, 1L2E  head, 2W7E-AA/AB/AC front cover, F7ZE-AA/AB or XR3E-DB oi...",150,350,L4602R2M,09083C
DFAP,"FORD 4.6L 2V F65E block, F5AE head, F8ZE-BA or F7ZE-AA front cover, F6SE-AB oil pan..",100,350,L4696R2B,09063 09094N
DFAR,"FORD 4.6L 2V XW7E SM HOLE block, 1L2E head, 2W7E-AA/AB/AC front cover, 3W7E or F8AE-AD oil pan.., FORD 4.6L 2V XW7E SM HOLE block, 1L2E head, 2W7E-AA/AB/AC front cover, 3W7E or F8AE-AD oil pan....",150,350,L4602R2F,9083D/E/H/J
DFAR-LB,"FORD 4.6L 2V XW7E SM HOLE block, 1L2E head, LONG BLOCK ONLY",100,350,L4602R2T/V,9083D/E/H/J
DFAT,"FORD 4.6L 2V F65E block, F5AE head, F8ZE-BA or F7ZE-AA front cover, F7ZE-AA/AB or XR3E-DB oil pan, FORD 4.6L 2V F65E block, F5AE head, F8ZE-BA or F7ZE-AA front cover, F7ZE-AA/AB or XR3E-DB oil pan..",125,350,L4696R2M,09094Q 09094M
DFAU,"FORD 4.6L 2V F7AE or XW7E 4 PIN block, F5AE or F8AE head, F65E-AB/AC/AD front cover, F7UE-AE/AF ...",150,250,L4699R2V,09094G 09094J
DFAW,"FORD 4.6W 2V F65E or F75E block, F65E or F75E head, F65E front cover, F65E oil pan.., FORD 4.6W 2V F65E or F75E block, F65E or F75E head, F65E front cover, F65E oil pan ..",125,375,L4697W2TA,09746C
DFAW-LB,"FORD 4.6W 2V F65E or F75E block, F65E or F75E head, LONG BLOCK ONLY ...., FORD 4.6W 2V F65E or F75E block, F65E or F75E head, LONG BLOCK ONLY ..",100,350,L4697W2,.
DFAX,"FORD 4.6W 2V F65E block, F75E head, F65E front cover, F7UE oil pan",150,350,L4697W2VU,09746B 09746C
DFAY,"FORD 5.4L 2V F75E block, F75E head, F75E-AA/BA or F85E-AA front cover, F81E-AF oil pan",200,375,L5499W2SD,9007A 9007B
DFBF,"FORD 6.8L 2V PI 5C3E/1C2E LP 2L3E/F8UE VAN...., FORD 6.8L 2V PI 5C3E/1C2E LP 2L3E/F8UE VAN..",600,800,DL6805EPI,9107A/B 9262A/C
DFBF-LB,FORD 6.8L 5C3E/1C2E LONGBLOCK,600,800,DL6803,.
DFBF-SD,"FORD 6.8L 2V 5C3E block, 1C2E LP  head, 2L3E-BA front cover, F81E-DE/DF oil pan",600,800,DL6805FPI,
DFC6,"FORD 460 B:D9TE, E7TE H:E7TE-BD FUEL INJ.",250,300,L46088F,9947
DFCA,"FORD 4.6L 2V XW7E SM HOLE block, 1L2E head, 2L3E front cover, F7UE oil pan",150,350,L4602R2V,09077C 09077F 09077G
DFCC,"FORD 4.6L 2V XW7E SM HOLE block, 1L2E head, 2L3E-AA/AB front cover, XL1E-CA or F65E-HA/HB oil pa...",150,350,L4602R2T,9077E 9077A 9077K
DFCE,"FORD 6.8L 2V PI 3C3E/1C2E VAN...., FORD 6.8L 2V PI 3C3E/1C2E 2L3E/F8UE VAN....",600,800,DL6804EPI,9107A 9107B
DFCE-1C1C,FORD 6.8L 2V PI 1C3E/1C2E 2L3E/F8UE,600,800,DL6802EPI,9107A
DFCF,"FORD 4.6W 2V F75E block, XL3E head, XR3E-BB front cover, F7ZE-AA/AB or XR3E-DB oil pan..",150,375,L4600W2M,09006F
DFCH,"FORD 5.4L 2V F75E block, F75E head, F75E-AA/BA or F85E-AA front cover, F7UE-AE/AF oil pan",200,375,L5497W2VA,9007B 9022 9054B
DFCJ-2L1E,"FORD 5.4L 2V F75E block, XL3E or 2L1E head, F85E-AA front cover, F81E-AF oil pan",175,375,L5400W2SD,"9018C, 9018D"
DFCJ-XL3E,"FORD 5.4L 2V F75E block, XL3E or 2L1E head, F85E-AA front cover, F81E-AF oil pan",175,375,L5400W2SD,9018C 9018D
DFCK-F7/2L1E,"FORD 5.4L 2V F75E block, XL3E or 2L1E head, F85E-AA front cover, F7UE-AE/AF oil pan",200,375,L5400W2VU,NA
DFCK-F7/XL3E,"FORD 5.4L 2V F75E block, XL3E or 2L1E head, F85E-AA front cover, F7UE-AE/AF oil pan",200,375,L5400W2VU,9018C 9018D
DFCM,"FORD 4.6L 2V F2VE or F4VE block, F5AE / F8AE head, F3AE-AC/AB front cover, F8AE-AB/AC/AD oil pan...",100,350,L4695R2F,9097
DFCN,FORD 6.8L 2V PI 1C3E/1C2E  2L3E-BA/F81E-DE/DF SD..,600,800,DL6802FPI,09107A 09107B
DFCN-LB,FORD 6.8L 2V PI 1C3E/1C2E  ..,600,800,DL6802,NONE
DFCP,"FORD 5.4L 2V 2L1E block, 2L1E head, 2L3E-BA front cover, F7UE-AE/AF oil pan",250,375,L5402W2VU,9104A/B/C/D
DFCR,"FORD 6.8L 3V 5C3E block, 5C3E head, 5C3E-BA  front cover, F81E-DF oil pan, FORD 6.8L 3V 5C3E block, 5C3E head, 5C3E-BA  front cover, F81E-DF oil pan..",600,800,DL6805W3SD,9168B 9265
DFCS-2L1E,"FORD 5.4L 2V 2L1E or 3L3E block, 2L1E head, 2L3E-BA front cover, F81E oil pan",250,375,L5402W2SD,9354A/B/E/F
DFCS-3L3E,"FORD 5.4L 2V 2L1E or 3L3E block, 2L1E head, 2L3E-BA front cover, F81E oil pan",200,375,L5402W2SD,N/A
DFCW,"FORD 5.4L 2V 2L1E or 3L3E block, 2L1E head, 2L3E-BA front cover, XL1E-CA or F65E-HA/HB oil pan",250,375,L5402W2TU,9132
DFCW-LB,"FORD 5.4L 2V 2L1E or 3L3E block, 2L1E head, 2L3E-BA front cover, NO oil pan",150,250,L5402W2,
DFCZ,FORD 2.5L MONDEO 1A-831-AB,100,,,66010A 66010B
DFD1,"FORD 3.8L B: E9SE, F1SE H: E9CE,E8DE,F3SE,E9DE,F4SE ROLLER CAM N/BALANCE SHAFT.., FORD 3.8L B: E9SE, F1SE H: E9CE,E8DE,F3SE,E9DE,F4SE ROLLER CAM N/BALANCE SHAFT..   ..",100,150,,9029 9238A 9238C
DFD2,"FORD 4.6L 3V 7L2E block, 9L3E-BB 9L3E Cam head, 7R3E-AA front cover, 9L3E-EB (no sensor hole) oi...",300,450,L4609R3T,9294 9295
DFD2-LB,"FORD 4.6L 3V 7L2E block, 9L3E-BB 9L3E Cam head, 7R3E-AA front cover NO OIL PAN",150,450,L4609R3T,NA
DFD4,"FORD 2.3L (OHC) E89E block, E89E-AB head",50,200,DFD4,9323A/B/C/D/E
DFD5,"FORD 3.0L Block - E6AE-AE, E6AE-AG, E9DE-EA, Heads - E6AE-HB, E6AE-HC, Crankshaft - E6AE-AH, F58...",50,150,L3090VR/VF,9030C 9030D
DFD7,"FORD 2.9L 89TM or 90TM block, 86TM head",50,150,,.
DFD8,"FORD 4.6L 3V 3L2E-CC block, 3L3E 5L1E cam head, 4R3E-BF/BG front cover, 5R3E-DB/DA (with sensor ...",350,450,L4605R3M,9346A 9346B
DFD8-LB,FORD 4.6L 3V 3L2E-CC block 3L3E head Long block or PARTIAL SHEETMETAL..,350,450,L4605R3M,NA
DFDA,"FORD 5.4L 3V 3L3E block, 9L3E small plug head, 5C3E-BA or 3R2E-CA front cover, F81E-AF oil pan",350,450,L5408W3SD,
DFDA-LB,"FORD 5.4L 3V 3L3E block, 9L3E small plug head, 5C3E-BA or 3R2E-CA front cover NO OIL PAN",365,500,L5408W3SD,9454C 9264
DFDC,"FORD 4.6W 2V F75E block, 2L1E head, 2L3E-AA/AB front cover, XL1E-CA or F65E-HA/HB oil pan.., FORD 4.6W 2V F75E block, 2L1E head, 2L3E-AA/AB front cover, XL1E-CA or F65E-HA/HB oil pan....",150,375,L4602W2SC,09143A/B
DFDC-LB,"FORD 4.6W 2V F75E block, 2L1E head, LONG BLOCK ONLY",100,250,L4602W2,.
DFDE,"FORD 4.6L 2V 1L2E-BB, 3L2E-CA,or 3L2E-CC block, 1L2E head, 2L2E-AA/AD or 2L1E-DC/DE or 1L2E-AE f..., FORD 4.6L 2V 1L2E-BB, 3L2E-CA ,or 3L2E-CC block, 1L2E head, 2L2E-AA/AD or 2L1E-DC/DE or 1L2E-AE ...",150,350,L4602R2E,9108 9125
DFDE-LB,"FORD 4.6L 2V 1L2E-BB, 3L2E-CA  or 3L2E-CC block, 1L2E head,  LONG BLOCK",150,350,L4602R2E,9108  9125
DFDF,"FORD 2.3L 1L5G,4L5G block, 1S7G head, 1L5G-6059-AG Front Cover, 1L5G-6675-AG/AH/AJ/AK Oil Pan",150,350,L2301SP,9087
DFDH-1L/1LM,"FORD 4.0L 1L2E block with bal. shaft, 1L2E SHAVED head, 1L2E-AA front cover, 5L2E-AA oil pan..",100,250,L4001WBS,
DFDH-5L/1LM,"FORD 4.0L 5L2E block no bal. shaft, 6L2E OR 1L2E SHAVED with oil bar head, 1L2E-AA front cover, ...",100,250,L4005NBS,9140C 9245
DFDH-5L/6L,"FORD 4.0L 5L2E block with bal. shaft, 6L2E OR 1L2E SHAVED with oil bar head, 1L2E-AA front cover...",100,250,L4005WBS,NA
DFDH-NON-MILLED,FORD 4.0L OHC BL-1L2E HD- 1L2E NON MILLED-1L5E-1L5E,100,250,L4001NBS,NA
DFDJ-1L/1L,"FORD 4.0L 1L2E block no bal. shaft, 1L2E SHAVED head, 1L2E-AA front cover, 5L2E-AA oil pan",100,250,L4001NBS,"300-09110C, 300-09140B, 300-9"
DFDJ-5L/1L,"FORD 4.0L FORD 4.0L 5L2E block with bal. shaft, 1L2E SHAVED head, 1L2E-AA front cover, 5L2E-AA o...",100,250,L4005WBSM,
DFDJ-5L/1LM,"FORD 4.0L 5L2E block no bal. shaft, 1L2E SHAVED head, 1L2E-AA front cover, 5L2E-AA oil pan",100,250,L4005NBSM,NA
DFDK,"FORD 2.3L 1L5G,4L5G block, 1S7G head, 1L5G-6059-AG Front Cover, 1L5G-6675-AG/AH/AJ/AK Oil Pan.., FORD 2.3L 1L5G,4L5G block, 1S7G head, 1L5G-6059-AG Front Cover, 1L5G-6675-AG/AH/AJ/AK Oil Pan",125,350,L2302SP,09118A
DFDM,"FORD 2.3L 4L5G block, 1S7G head, 1L5G-6059-AG Front Cover, 1L5G-6622-AC Oil Pan",100,350,L2304SP,09118B 09118C
DFDN-3L3E-12mm,"FORD 5.4L 3V 3L3E block, 3L3E 12mm head, 3L3E-GA/GC/GD or 7L3E-CA front cover, 2L1E-GA or 9L3E-D...",250,450,L5408W3TU,
DFDN-9L3E,"FORD 5.4L 3V 3L3E block, 9L3E-BB 9L3E Cam head, 3L3E-GA/GC/GD or 7L3E-CA front cover, 2L1E-GA or...",350,500,L5409W3TU - L5409W3TUNP,9454B/D/E 9296
DFDN-LB,"FORD 5.4L 3V 3L3E block, 9L3E-BB 9L3E Cam head  LONG BLOCK",350,500,L5409W3,NA
DFDV-3L/3L,"FORD 5.4L 3V 3L3E block, 3L3E / 2005 (5L1E CAMS) head, 3L3E-GA/GC/GD front cover, 3L3E-GA or 2L1...",300,450,L5404W3TU,9217 9454B 9454D 9454E
DFDV-7L/3L,"FORD 5.4L 3V 3L3E block, 3L3E / 2005 (5L1E CAMS) head, 7L3E-CA front cover, 3L3E-GA or 2L1E-GA (...",300,450,L5404W3TU / L5404W3TUNP,
DFDV-LB,"FORD 5.4L 3V 3L3E block, 3L3E / 2005 (5L1E CAMS) head, 3L3E-GA/GC/GD or 7L3E-CA front cover LONG...",300,450,L5404W3,300-9454A
DFDW,"FORD 5.4L 3V 3L3E block, 3L3E / 2005 (5L1E CAMS) head, 5C3E-BA or 3R2E-CA front cover, 5C3E-BA o...",300,450,L5405W3SD,9454C
DFDW-LB,"FORD 5.4L 3V 3L3E block, 3L3E / 2005 (5L1E CAMS) head, 5C3E-BA or 3R2E-CA front cover, NO OIL PAN, FORD 5.4L 3V 3L3E block, 3L3E / 2005 (5L1E CAMS) head, 5C3E-BA or 3R2E-CA front cover NO OIL PAN",300,450,L5405W3SD,
DFDY,"FORD 4.6L 3V 6L2E or 7L2E block, 3L3E-5L1E cam head, 4R3E-BF/BG front cover, 6L2E-DC (with senso...",300,450,L4606R3E,9182
DFDY-LB,"FORD 4.6L 3V 6L2E or 7L2E block, 3L3E-5L1E cam head, LONG BLOCK ONLY",300,450,L4606R3E,NA
DFDZ,"FORD 6.8L 3V 5C3E block, 5C3E head, 5C3E-BA or 3R2E-CA front cover, F81E-DF oil pan......, FORD 6.8L 3V 5C3E block, 5C3E head, 5C3E-BA or 3R2E-CA front cover, F81E-DF oil pan..",700,800,DL6805W3SD,9168A
DFE1,FORD 4.0L OHV BL# 90TM HD# 90TM,75,150,L4090BB,71041A 71041D
DFE7,"FORD 3.0 VULCAN 1989-90 NON ROLLER RWD BL#E9DE, F2DE HD# E6AE",75,125,DFE7,9030A 9030B
DFEH,"FORD 4.6L 2V 1L2E-BB, 3L2E-CA, 3L2E-CB block, 1L2E head, 2L2E-AA/AD or 2L1E-DC/DE or 1L2E-AE fro...",200,350,L4603R2ED,9128
DFEH-LB,"FORD 4.6L 2V 3L2E-CA, 3L2E-CB block, 1L2E head, LONG BLOCK ONLY",150,350,L4603R2ED,.
DFEP,"FORD 3.9L 2004-07 FREESTAR, FORD 3.9L 4F2E,3F2E,1F2E / YF2E. XF2F. XF2E",75,2,,9039A/B/C
DFEW-3G-74,"FORD 3.0L B: 3W4E, 4F1E H: 3M4E MAZDA 6..",100,275,L3003M6,"66028A/B, 66029A/B"
DFEW-3G-741-AA,FORD 3.0L MAZDA 6 M/T,100,,L3003M6,
DFEW-4G-74,FORD 3.0L B: 4F1E H: 3M4E MAZDA 6 ..,100,275,L3003M6,
DFEW-6G-742-AA,"FORD 3.0L 6E5E/3M4E VCT 2003-08 MAZDA 6, FORD 3.0L 6E5E/3M4E VCT 3M4E-BG/6E5E 6G-742-AA",100,2,L3006M6,
DFEX-6L2E,"FORD 4.6L 2V XW7E SM HOLE or 6L2E block, 1L2E head, 3L3E-AA/AB front cover, 2L1E-FA/HA oil pan",200,350,L4604R2T,NA
DFEY,"FORD 4.6L 4V 1L2E-BB, 3L2E-CC block, 2C5E head, 2C5E-CA/DA front cover, 1L2E-GB oil pan, FORD 4.6L 4V 1L2E-BB, 3L2E-CC block, 2C5E head, 2C5E-CA/DA front cover, 1L2E-GB oil pan..",300,450,L4603R4LA,9126A
DFF1-0D-786-AB,"FORD 2.0L 4V 1S7G,4M5G block, 1S7G head, 1S7G-6019- front cover, 1S7G oil pan (0D-786-AB)",100,200,AT1Z6006ARM,NA
DFF1-JG-170-AA,"FORD 2.0L 4V 1S7G,4M5G block, 1S7G head, 1S7G-6019- front cover, 1S7G oil pan (JG-170-AA)",50,200,DFF1-JG-170-AA,9195A /B
DFF10,"FORD 3.5L AT4E-6015-DB block, AT4E-AA/EA/EC or DG1E head, BT4E-6059-BA/BB/BC Front Cover, AT4E-6...",150,300,L3511ED,9835E 9436A/B
DFF11,"FORD 3.5L BL3E-AD,AE,BA block, BL3E-FA head, BR3E-6059-BA/BB/EA Front Cover, BR3E-6675-NA/PA Oil...",300,400,L3511EBTU,9535
DFF12,"FORD 3.5L  AT4E-6015-DB block, AT4E-AA/EA/EC or DG1E 12 hole ex. head, BT4E-6059-BA/BB/BC Front ...",150,300,L3512ED,9835A/B/C/D/E
DFF12-LB,"FORD 3.5L  AT4E-6015-DB block, AT4E-AA/EA/EC or DG1E 12 hole ex. head, BT4E-6059-BA/BB/BC Front ...",150,300,L3512ED,.
DFF13,"FORD 3.5L BL3E-AD,AE,BA block, BL3E-FA & DL1E head, BR3E-6059-BA/BB/EA Front Cover, BR3E-6675-NA...",300,400,L3513EBTU,9735A/B 9935
DFF13-LB,"FORD 3.5L BL3E-AD,AE,BA block, BL3E-FA & DL1E head, BR3E-6059-BA/BB/EA Front Cover, NO Oil Pan",250,400,L3513,NA
DFF14,FORD 3.5L B: BL3E H: DG1E TC: BR3E OP: BR3E NON TURBO 2016 F-150,200,400,FL3Z6006BRM,9368
DFF15,FORD 3.5L TURBO HEAD HL3E JS-364-AA,300,450,L3515TB,300-10007
DFF22,"FORD 3.5L 2016-19  AT4E-block, AT4E- or DG1E 12 HOLE head, BT4E-6059- Front Cover, BT4E/DG1E-667...",150,300,L3516ED,9835C  9835D
DFF6,"FORD 4.6L 2V F1AE block, F1AE head, F1AE or F2AE-AA front cover, F1AE oil pan, FORD 4.6L 2V F1AE block, F1AE head, F1AE or F2AE-AA front cover, F1AE oil pan ..",150,250,L4691R2F,9046
DFF8,"FORD 300 EFI NO SMOG BL# E7TE,F2TE,F0TE HD# E7TE NO POL. TUBES",100,150,L30087LPT,9149C 9149D
DFFA,"FORD 2.3L 6M8G VCT block, 6M8G VCT head, 6M8G-6059-AD/AE Front Cover, 6M8G-6675-AC Oil Pan",100,250,L2306M6,09183 09151
DFFB,"FORD 5.0L 4V FR3E block, FL3E head, BL3E front cover, BL3E oil pan",300,500,L5015TU,9650A
DFFG,"FORD 5.0L 4V BR3E block, BR3E head, BL3E front cover, BL3E oil pan",300,500,L5011TU,9550A/B/C
DFFG-LB,"FORD 5.0L 4V BR3E block, BR3E head, NO front cover, NO oil pan",300,500,L5011,.
DFFG2,"FORD 5.0L 4V BR3E block, FL3E head, BL3E front cover, BL3E oil pan",300,500,L5013TU,9550B/C
DFFH-6L2E,"FORD 4.6L 2V 6L2E block, 1L2E LP head, 6W7E-AA front cover, 3W7E-BB/BD oil pan, FORD 4.6L 2V 6L2E block, 1L2E LP head, 6W7E-AA front cover, 3W7E-BB/BD oil pan..",200,350,L4605R2F,"9083H/J/K/M/N/P,9102A/B/C,919"
DFFH-7L2E,"FORD 4.6L 2V 7L2E block, 1L2E LP head, 6W7E-AA front cover, 3W7E-BB/BD oil pan....",200,350,L4607R2F or L4609R2F,"9083H/J/K/M/N/P,9102A/B/C,"
DFFJ,"FORD 2.3L 5L8G VCT block, 3S4G VCT head, 3M4G-6059-CA/3M4G-6019-CA/CB Front Cover, 3M4G-6675-AF/...",100,250,L2305M6,66723
DFFK-6L2E,"FORD 4.6L 2V 6L2E block, 1L2E LP head, 4C2E-BA/BB front cover, F7UE-AE/AF oil pan..",200,350,L4605R2V,
DFFK-7L2E,"FORD 4.6L 2V 7L2E block, 1L2E LP Flex Fuel head, 4C2E-BA/BB or 7L3E-BA/BB front cover, F7UE-AE/A...",200,350,L4609R2V,09077J 09077H
DFFL,"FORD 2.3L EJ7E-6015-DB block, EJ7E-6090-EC head, CJ5E Front Cover, FR3E-6675-AC Oil Pan",125,350,DFFL,9218
DFFM,"FORD 2.3L 3M4G VCT block, 3S4G VCT head, 3M4G-6059-CA/3M4G-6019-CA/CB Front Cover, 3M4G-6675-AF/...",100,250,L2304M6,66027
DFFN,"FORD 2.3L 3M4G VCT block, 3S4G VCT head, 3M4G-6059-CA/3M4G-6019-CA/CB Front Cover, 3M4G-6675-AF/...",100,250,L2303M6,"300-66027A, B"
DFFP,"FORD 3.5L 7T4E-DC,DD,DE,DF block, 7T4E head, 7T4E-6C086-GC/GD/GE Front Cover, 7T4E-6675-GA/GB/GC...",150,300,L3507FEM,9186A/C
DFFP2,"FORD 3.5L 9T4E-BA OR AT4E-CC,CD W/PIS CLRS block, 8T4E head, 7T4E-6C086-GF/GG Front Cover, 7T4E-...",150,300,L3509FEM,9186B/C
DFFP3,"FORD 3.5L AT4E-6015-DB block, BA5E-AA/BA (NO CAMBORE) head, 7T4E-6C086-GG/GH Front Cover, 7T4E o...",150,300,L3511TF,9186B/C 9335
DFFQ,"FORD 5.0L 4V BR3E block, BR3E head, BR3E front cover, BR3E oil pan",300,500,L5011MU,9550A/B/C
DFFR,"FORD 2.3L T5251 TURBO block, L3K9 VCT head, L3K9 Front Cover, L3K9 Oil Pan",150,350,L2306MT*,66623A 66623B
DFFS,"FORD 5.0L 4V BR3E block, CR3E head, BR3E front cover, CR3E MT oil pan",350,500,L5012MUB,9203
DFFT,"FORD 6.8L 2V PI 3C3E/1C2E 2L3E/F81E SD6.8W SOHC (2V) F-Series/Excursion, PI heads...., FORD 6.8L 2V PI 3C3E/1C2E 2L3E/F81E SD..",600,800,DL6804FPI,9107A 9107B
DFFV-6L2E,"FORD 4.6L 2V 6L2E block, 1L2E LP head, 4L3E-AA or 4C2E-BB front cover, 2L1E-FA/HA oil pan, FORD 4.6L 2V 6L2E block, 1L2E LP head, 4L3E-AA or 4C2E-BB front cover, 2L1E-FA/HA oil pan..",200,350,L4605R2T,09004A
DFFV-7L3E,"FORD 4.6L 2V 7L2E block, 1L2E LP head, 4L3E-AA or 4C2E-BB front cover, 2L1E-FA/HA oil pan..",200,350,L4605R2T,09004A
DFFW,"FORD 2.3L 6M8G-AB/AC/AD block, 6M8G-AA/AB/AC  VCT head, 6M8G-6059-AD/AE Front Cover, 6M8G-6675-A...",125,250,L2306FM,66041
DFFX,"FORD 4.6L 4V 1L2E-BB, 3L2E-CA block, 2C5E head, XR3E-CA front cover, F7ZE-AA/AB or XR3E-DB oil p...",350,450,L4603R4MAU,
DFFY,"FORD 2.0L 4V 1S7G,4M5 block, 1S7G head, 1S7G-6059- Front Cover, 1S7G-6675-Oil Pan (4G-170-AA)",50,200,DFFY,09178 A/B
DFFZ-6L2E,"FORD 4.6L 2V 6L2E block, 1L2E PI LP head, 4C2E-BA/BB or 7L3E-BA/BB front cover, 2L1E-GA (w/o sen...",200,350,L4607R2T,09004B/C/D
DFFZ-7L2E,"FORD 4.6L 2V 6L2E or 7L2E block, 1L2E PI LP head, 4C2E-BA/BB or 7L3E-BA/BB front cover, 2L1E-GA ...",200,350,L4607R2T,09004B/C/D
DFFZ-7L2E/9L3E,"FORD 4.6L 2V 7L2E block, 1L2E PI LP head, 4C2E-BA/BB or 7L3E-BA/BB front cover, 9L3E-DA/DB (w/o ...",200,350,L4609R2T,09004B/C/D
DFFZ-LB,"FORD 4.6L 2V 7L2E block, 1L2E head, 7L3E front cover, NO OIL PAN",200,350,L4607R2T/L4609R2V,.
DFG2,"FORD 1.6L G.D.I. TURBO BM5G block, BM5G head",85,250,DFG2,9267B/C
DFG4-L1517TR,"FORD 1.5L DS7C block, DS7C head,  BM5G front cover, DS7G oil pan 2017 ESCAPE TRANSIT",85,250,L1517TR,300-9215B
DFGA,FORD 3.5L BK: AT4E HD: AA5E FC: 7T4E OP: AA5E/AT4E TURBO NON/COOLER,200,400,L3510SHO,9253
DFGA-C,FORD 3.5L BK: AT4E HD: AA5E FC: 7T4E OP: DG1E TURBO W/COOLER,250,400,L3511SHO,9235
DFGA-LB,FORD 3.5L BL-AT4E HD-AA5E TURBO LONG BLOCK,250,400,DFGA-LB,NA
DFGA2,FORD 3.5L AT4E/FG1E VCT TURBO,200,400,L3516T*,9235 9635A/B
DFGG,"FORD 5.0L 4V FR3E block, FR3E head, FR3E front cover, BL3E/CR3E MT/BR3E AT oil pan",350,500,L5015MU,9222
DFGP,"FORD 5.0L 4V JR3E block, JR3E head, JL3E front cover, PLASTIC JL3E or JR3E oil pan",300,500,L5018TU,10164A
DFGR,"FORD 5.0L 4V JR3E block, JR3E head, JR3E front cover, PLASTIC JL3E or JR3E oil pan",300,500,L5018MU,10181
DFH1,"FORD 302 E7TE-CA, F1SE / E5TE, E6TE, E7TE-PA EFI ROLLER CAM TRUCK VAN",200,300,L30292TYR,9450D
DFH2,"FORD 302 F1SE-BB / E7TE-AA, E6TE, E5TE EFI ROLLER CAM CAR",100,200,L30294HOR,9350B 9350E 9350J
DFHC,"FORD 5.4L 4V 2L1E block, YL7E head, 2L7E-FB front cover, XL1E-CA oil pan",150,375,L5402W4LN,9091
DFHC-LB,"FORD 5.4L 4V 2L1E block, YL7E head, 2L7E-FB front cover, NO oil pan",150,375,L5402W4LN,
DFHH,"FORD 2.3L 6M8G VCT OR NON VCT, 5L8G block, 3S4G NON VCT head, 2L8G-6059-AD/AE/AF Front Cover, 3M...",100,250,L2305E or L2305FO,9176
DFHJ,"FORD 2.3L 6M8G W/O block, 3S4G/3L8G head, 5M6G-6059-BB/BA Front Cover, 3M4G-6675-AG/AH/AJ/AK Oil...",100,250,L2308E,9188
DFHK,"FORD 2.3L 3M4G NON VCT block, 3S4G NON VCT head, 2L8G-6059-AD/AE/AF Front Cover, 3M4G-6675-AF/AG...",100,250,L2303FO,9142
DFHP,"FORD 2.3L T5251 block, 3S4G VCT head, (L372) S5209 Front Cover, (L372 10 401) S5209 Oil Pan",100,250,L2304M3A,66035B 66040B
DFHR,"FORD 4.6L 2V 3L2E-CC block, 1L2E head, 4L1E-BA/BB front cover, 1L2E-GB oil pan.. ..",150,350,L4605R2E,9125
DFHT/DFEX-XW7E,"FORD 4.6L 2V XW7E SM HOLE or 6L2E block, 1L2E head, 3L3E-AA/AB front cover, 2L1E-FA/HA oil pan",150,350,L4604R2T or L4604R2ED,9004A
DFHV,"FORD 4.6L 2V 3L2E-CB or 3L2E-CC block, 1L2E head, 2L2E-AA/AD or 2L1E-DC/DE or 1L2E-AE front cove...",150,350,L4604R2E,9125
DFHW,"FORD 4.6W 2V F75E block, 2L1E head, 3L3E-AA/AB front cover, 2L1E-FA/HA oil pan, FORD 4.6W 2V F75E block, 2L1E, 3L3E-AA/AB front cover, 2L1E-FA/HA oil pan..",150,375,L4604W2SC,9150
DFK2,"FORD 460 B:D9TE, E7TE H:F3TE-JA EFI",250,500,L46093F,09948A 09948B
DFK3,FORD 351W B:F4TE H:E7TE EFI ROLLER,200,275,L351W94T,9258B
DFK4,FORD 7.0L 429 1991-97 BL# D9TE-AB HD# E7TE,150,350,L42993F,NA
DFK5,"FORD 4.0L Block - 95TM-AB, 97TM-AA, 98TM-AA, Heads - 95 TM-AD, Crankshaft - 90TM-AB W/ 7B0CB rod...",75,150,L4095B,"71041B,C"
DFK9,FORD 429 D9TE-AB  / E7TE-BD TRK 1997-98,100,,L42997F,
DFKE,"FORD 4.6L 2V XW7E SM HOLE (03 UP) block, 1L2E head, 2L3E-AA/AB front cover, F7UE-AE/AF oil pan",175,350,L4604R2V,09077G
DFKF,"FORD 2.0L GDI 2015-2016 FUSION/MKZ FB5E block, CJ5E head, CJ5E front cover, CJ5E oil pan",150,350,FP5Z6006AARM,NA
DFKH-5L/6L,"FORD 4.0L 5L2E block no bal. shaft, 6L2E OR 8L2E no oil bar  head, 1L2E-AA front cover, 5L2E-AA ...",100,250,L4007NBS,NA
DFKH-5L/8L,"FORD 4.0L 5L2E block no bal. shaft, 6L2E OR 8L2E no oil bar  head, 1L2E-AA front cover, 5L2E-AA ...",100,250,L4007NBS,
DFKH-LB,"FORD 4.0L 5L2E block no bal. shaft, 6L2E OR 8L2E no oil bar  head, long block",100,250,L4007,NA
DFKJ,FORD 351W B:F4TE H: E7TE ROLLER NON-SMOG,100,275,L351W94T,9258C
DFKM,"FORD 2.3L L3G7 T5251 VCT block, 6M8G VCT head, L3N510500C (L3N5) Front Cover, L3N5 10401 Oil Pan",100,250,L2306M3A or L2306M3M,66423A/B 66523A/B/C/D
DFKM-LB,"FORD 2.3L L3G7 T5251 VCT block, 6M8G VCT head, NO Front Cover, NO Oil Pan",200,350,L2306M3,.
DFKP,"FORD 5.4L 2V 3L3E block, 2L1E LP CNG head, 2L3E-BA front cover, F7UE-AE/AF oil pan",250,375,L5409W2VU,9261A
DFKP-LB,"FORD 5.4L 2V 3L3E block, 2L1E LP CNG head, 2L3E-BA front cover, NO oil pan",200,375,L5409W2,
DFKR,"FORD 2.0L GDI 2013-18 AG9E block, CJ5E head, CJ5E front cover, CJ5E oil pan",150,400,FE5Z6006CRM,9206A/B 9153 9212
DFKV,"FORD 2.0L 2011-2014 CM5E-6015-CA block, CM5E-6090-BD head,.WITH TWO CAM SENSORS END OF CAM TOPS.",150,250,DFKV,9205B
DFKW,"FORD 2.0L GDI 2013-16 MKT,TAURUS, EXPLORER FB5E block, CJ5E head, CJ5E front cover, CJ5E oil pan...",150,400,DFKW,9152 or 9207
DFKX,"FORD 2.0L GDI AG9E block, CJ5E head, BB5E front cover, AG9G oil pan",200,400,DFKX,9420A/B/C
DFKY,"FORD 2.0L GDI 2015-2017 EDGE FB5E block, EJ7E head, CJ5E front cover, CJ5E oil pan",150,400,DFKY,9209A/B
DFM1,"FORD 2.3L (OHC) F57E block, F57E or F87E DUAL PLUG head",50,200,DFM1,N/A
DFM2,"FORD 3.7L BA5E-6015- block, AT4E or DG1E- (8 HOLE) head, BT4E-6C086- Front Cover, AT4E-6675- Oil...",150,300,L3711ED,.
DFM22,"FORD 3.7L BA5E-6015- block, AT4E or DG1E- (12 HOLE) head, BT4E-6C086- Front Cover, DG1E-6675EA/E...",150,300,L3713ED,9037E
DFM4,"FORD 4.6L 2V F2,F4 block, F1AE SP head, F1AE or F2AE-AA front cover, F1AE/F2VE/F8AE-AB/AC/AD oil...",100,250,L4692R2F,09146A/B
DFM5,"FORD 4.6L 2V F2VE or F4VE block, F1AE head, F3AE-AC/AB front cover, F2VE/F8AE-AB/AC/AD oil pan",100,250,L4693R2F,.
DFM6,"FORD 4.6L 4V F6LE block, F6ZE head,  ALUM BLOCK LINCOLN MARK VIII",50,350,L4693AL4V,9246 9446
DFM8,"FORD 4.6L 2V F2VE or F4VE block, F4AE-6090-AB head, F3AE-AB/AC front cover, F6SE oil pan, FORD 4.6L 2V F2VE or F4VE block, F4AE-6090-AB head, F3AE-AB/AC front cover, F6SE oil pan..",150,350,L4694R2T,09146A/B
DFM9,"FORD 3.7L 4V BR3E block, DG1E 8 HOLE head, BR3E-6059- Front Cover, BR3E Oil Pan, AA5E-A20B,21 cr...",150,300,L3711TMU,9137A 9137B 9221
DFM9-LATE,"FORD 3.7L 4V BR3E block, DG1E 12 HOLE head, BR3E-6059- Front Cover, BR3E Oil Pan, HL3E-AA/FA cra...",150,300,L3715TR/ GK4Z6006CRM,NA
DFMA,"FORD 3.7L 4V BA5E block, BA5E or 8T4E head, 7T4E Front Cover, 7T4E Oil Pan BG-496-AA",75,300,L3711,9121A/B
DFMC,"FORD 4.6L 3V 7L2E block, 9L3E-GB head, 7R3E-AA front cover, 6L2E-DC (with sensor hole) oil pan..",350,450,L4608R3E,9182
DFMC-LB,"FORD 4.6L 3V 7L2E block, 9L3E-GB head, 7R3E-AA front cover, NO OIL PAN..",300,450,L4608R3E,NA
DFME,"FORD 4.6L 3V 3L2E-CC block, 9L3E-GB or 12mm 3L3E head, 7R3E-AA front cover, 7R3E-AA oil pan",350,450,L4608R3M,9259A/B
DFME-LB,"FORD 4.6L 3V 3L2E-CC block, 9L3E-GB or 12mm 3L3E head, 7R3E-AA front cover, NO OIL PAN",300,450,L4608R3M,NA
DFMK,FORD 3.7L CA/CA01 MAZDA,75,0,L3708,66137A/B/C
DFMM,"FORD 3.7L BA5E-6015- block, AT4E or DG1E- (12 HOLE) head, BT4E-6C086- Front Cover, DG1E-6675EA/E...",150,300,GF1Z6006CRM,9037B/C/D
DFN1,"FORD 302 E7TE, F1SE / E5TE, E7TE EFI ROLLER CAM",200,200,L30294TBR,9350K/M
DFN5,"FORD 3.0L F58E, F6DE, F6AE / E6AE-HB, F6DE-GA RWD ROLLER CAM",50,125,L3095VR,9230C 9230J
DFP7,FORD 300 F2TE / E5TE W/FPH LPG,100,250,,NA
DFR1,"FORD 5.4L 4V 3L3E block, YL7E head, 2L7E-GB front cover, 2L1E-GA or 9L3E-DA/DB (both w/o sensor ...",200,375,L5404W4LN,9101A 9101B
DFR1-LB,"FORD 5.4L 4V 3L3E block, YL7E head, 2L7E-GB front cover, NO oil pan",150,375,L5404W4LN,.
DFR6,FORD 6.0L DIESEL 2004-UP,500,0,,9147A-G 9460A/C 9560 9160A-C
DFR7,FORD 6.4L DIESEL,1500,1000,,N/A
DFR7-LB,FORD 6.4L F-SERIES LONG BLOCK WITH FUEL LESS TURBO,450,,,N/A
DFRH-5L/6L,"FORD 4.0L 5L2E block with bal. shaft, 6L2E OR 8L2E no oil bar  head, 1L2E-AA front cover, 5L2E-A...",100,250,L4007WBS,9140D 9293A/B 9245
DFT4,"FORD 4.0L Block - 97TM-AA, Heads - 98TM-6090-AD, Crankshaft - 97JM-BA, XL2E-AA/BA",75,200,L40980,71240A/B/C/D/E/F
DFT6,"FORD 4.0L 97JM no bal. shaft block, 97JM head, 97JM-AD front cover, 5L2E-AA oil pan",100,250,L4097NBS,71140A/B/C
DFT7,"FORD 4.6L 2V F65E or F7AE or XW7E block, F5AE head, F8ZE-BA or F7ZE-AA or F6AE-AB front cover, F...",100,350,L4696R2F,09094A/N
DFT7-LB,"FORD 4.6L 2V F65E,F7AE, or XW7E block-F5AE head- F6AE front cover-NO OIL PAN",100,350,L4696R2F,.
DFTD-LB,"FORD 5.4L 2V F75E block, F75E head, F75E-AA/BA or F85E-AA front cover, NO oil pan",175,375,L5497W2,9054A 9007B 9007A 9018A
DFTE-LB,"FORD 5.4L 2V F75E block, XL3E head, F85E-AA front cover, NO oil pan",200,375,L5400W2,9018A 9018B 9018C 9018D
DFTH,"FORD 6.8L 2V F7UE block, F7UE head, F75E-AA/BA or F85E-AA front cover, F81E-DE/DF oil pan",600,800,DL6897FNP,9068B
DFTK-1CYC,"FORD 6.8L 2V PI 1C3E /YC2E  F75E-AA/BA or F85E-AA front cover, F81E-DE/DF oil pan",700,800,DL6800FPI,
DFTK-1CYC-LB,FORD 6.8L 2V PI 1C3E /YC2E  F75E-AA/BA or F85E-AA front cover,600,800,DL6800,NONE
DFTK-F71C,"FORD 6.8L 2V PI F7UE/1C2E head, F75E-AA/BA or F85E-AA front cover, F81E-DE/DF oil pan",600,800,DL6800FPI,
DFTK-F71C-LB,FORD 6.8L 2V PI F7UE block / 1C2E head,600,800,DL6800,NONE
DFTK-F7YC,"FORD 6.8L 2V PI F7UE/YC2E head, F75E-AA/BA or F85E-AA front cover, F81E-DE/DF oil pan",600,800,DL6800FPI,
DFTK-F7YC-LB,FORD 6.8L 2V PI F7UE/YC2E head..,600,800,DL6800EPI,NONE
DFTM-2L1E,"FORD 5.4L 2V 2L1E or 3L3E block, 2L1E LP head, 2L1E-CB front cover, 2L1E-FA/HA oil pan",200,375,L5403W2ED,
DFTM-3L3E,"FORD 5.4L 2V 2L1E or 3L3E block, 2L1E LP head, 2L1E-CB front cover, 2L1E-FA/HA oil pan",200,375,L5403W2ED,9254
DFTR,"FORD 6.8L 2V F7UE block, F7UE head, F75E-AA/BA or F85E-AA front cover, F8UE-AA/AB oil pan",600,800,DL6897ENP,9068A 9068B
DFTR-LB,"FORD 6.8L 2V F7UE block, F7UE head, F75E-AA/BA or F85E-AA front cover, NO oil pan",600,800,DL6897ENP,.
DFTT-1C3E,"FORD 6.8L 2V PI F7UE/ 1C2E, F75E-AA/BA or F85E-AA front cover, F8UE-AA/AB oil pan....",700,800,DL6800EPI,NONE
DFTT-5C3E,"FORD 6.8L 2V PI 5C3E / YC2E, F75E-AA/BA or F85E-AA front cover, F8UE-AA/AB oil pan..",700,800,DL6800EPI,
DFTT-YC2E,"FORD 6.8L 2V PI F7UE/ YC2E, F75E-AA/BA or F85E-AA front cover, F8UE-AA/AB oil pan..",600,800,DL6800EPI,
DFW3,FORD 2.5L F87E/F87E OHC DUAL PLUG,50,125,,9325A 9325B
DFW4,"FORD 3.0L Block - XF1E, XF1Z-DA, Heads - F6DE (W/ 7mm Valves Only), Crankshaft - F58E-AA , F58E-...",75,150,L3099VR,9230J 9230K 9230M
DFW6,"FORD 4.2L Block - RFXL3E-AD, F75E-BB, Heads - F75E-6090-B22A, F65E-6090-BC, Crankshaft - F65E-AC..",75,150,L4296RSP,9042A
DFWA:5G-352-AB,"FORD 3.0L B: 6E5E H: 3M4E TC: 5F9E,6F9E  OP: 5F9E 500, MONTEGO, FREESTYLE..",115,275,L3005DF,
DFWJ,"FORD 3.0L 6E5E/3M4E 8L8E/5L8E NO VCT.., FORD 3.0L 6E5E/3M4E 8L8E/5L8E NO VCT 8G-758-AO..",100,275,L3008DT,9189
DFWK:2G-748-AB,FORD 3.0L 6E5E. 4F1E / 3L8E FWD MAZDA MPV,100,,,
DFWM,"FORD 3.0L B: XW4E H: YF1E, YL8E OP: F7DE 3S-850..",125,,L3003DC,9059C
DFWN,FORD 3.0L 6E5E. 4F1E / 3L8E FWD MAZDA,100,275,,066037A/B
DFWN:4G-748-AA,FORD 3.0L 6E5E. 4F1E / 3L8E FWD MAZDA MPV,100,,,
DFWR,"FORD 3.0L B: 6E5E H: 9L8E OP: 9L8E W/VCT 1G, 0G, 9G-758-AA..",150,275,L3009DT,9198
DFWR-LB,"FORD 3.0L B: 6E5E H: 9L8E W/VCT 1G, 0G, 9G-758-AA..",100,275,L3009DT,
DFWR:1G-758-AA,"FORD 3.0L 6E5E/9L8E W/VCT 2010-11 ESC, TRIB, FUS, MIL",100,275,L3009DT,
DFWR:1G-758-BA,"FORD 3.0L 6E5E/9L8E W/VCT 2012 ESC, TRIB, FUS, MIL",100,275,L3009DT,
DFWR:9G-758-AA,"FORD 3.0L 6E5E/9L8E W/VCT 2009 ESC, TRIB, FUS, MIL",100,275,L3009DT,
DFWV,"FORD 3.0L 6E5E/3M4E NO VCT 5G-758-AOT, FORD 3.0L 6E5E/3M4E NO VCT 5G-758-AO",100,275,L3006DT,9297
DFWX,"FORD 3.0L 4F1E/3L8E NO VCT, FORD 3.0L 4F1E/3L8E NO VCT 5G-758-AA",100,2,L3005DT,9191
DFWY,"FORD 3.0L 6E5E / 3L8E-BB W/P LEFT REAR N/VCT, FORD 3.0L 6E5E / 3L8E-BB W/P LEFT REAR NO/VCT",100,275,L3005DT,9191
DFWY:5G-75,"FORD 3.0L 4F1E block, 3L8E head, 4L8E-BD OR 5L8E-AA front cover, 5L8E-BB oil pan.., FORD 3.0L 4F1E block, 3L8E head, 4L8E-BD OR 5L8E-AA front cover, 5L8E-BB oil pan",100,275,L3005DT,
DFWY:5G-758-AB,FORD 3.0L 6E5E / 3L8E-BB W/P LEFT REAR,100,,,
DFWZ:6A-852-AA,"FORD 3.0L 6E5E/3M4E VCT 2006 FUSION/MILAN.., FORD 3.0L 6E5E/3M4E W/VCT  6E5E/6E5E 6A-852-AA",100,275,L3006FM,
DFWZ:7A-852-AA,"FORD 3.0L 6E5E/3M4E VCT, FORD 3.0L 6E5E/3M4E VCT 6E5E/7E5E 7A-852-AA",100,2,L3006FM,
DFX2,"FORD 302 BL# F1SE HD# F1ZE,F2PE,F3AE 3 BAR HEADS",200,300,DFX2,"9350G, 9350H"
DFX3,"FORD 3.8L BL-F6ZE HD-F77E F/C-F6ZE O/P-F7ZE ROLLER CAM, ALM HEAD COUGAR MUSTANG",100,150,L3896RHC,9738B/C/D 9939A/B
DFX5,"FORD 302 B: F1SE H F1ZE, F3ZE ""GT"" ROLLER EFI EXPL, MOUNT",100,200,,9144 9045A/B
DFX6,FORD 302 F1SE / F7TE ROLLER W/KNOCK SENSOR 4 BAR,200,200,,9045A/B/C/D/E
DFX7,"FORD 5.4L 2V F75E block, F75E head, F75E-AA/BA or F85E-AA front cover, XL1E-CA or F65E-HA/HB oil..., FORD 5.4L 2V NPI  F75E/F75E F75E-AA/BA or F85E-AA front cover, XL1E-CA or F65E-HA/HB oil pan..",150,375,L5497W2TA,9054A
DFX8,"FORD 3.0L F5DE H: F7DE OP: F6DE 85-850.., FORD 3.0L F5DE H: F7DE OP: F6DE 8G-850..",100,275,L3098DC,.
DFX9,"FORD 2.0L SPI F7CE block, F7CE head, F7CE-6E011-BB Front Cover, None Oil Pan",100,175,L2097SPIEAT,9220A 9220B
DFXA,"FORD 2.0L SPI YS4E block, YS4E head, YS4E-6E011-CA/DA Front Cover, None Oil Pan",125,175,L2001SPIF,9052
DFXB,"FORD 6.2L 2017-18 F250/350 SUPERDUTY AL3E block, FC3E head, AL3E front cover, AL3E oil pan",550,800,DFXB,9362A
DFXB-LB,"FORD 6.2L 2017-18 F250/350 SUPERDUTY AL3E block, FC3E head, missing front cover or oil pan",500,800,DFXB-L/B,NA
DFXD,FORD 302 BL# C8OE HD# C8OE,100,150,COMPRESSOR!!,N/A
DFXE,"FORD 2.0L SPI F8CE block, F7CE head, F7CE-6E011-BB Front Cover, None Oil Pan",125,175,L2098SPIEAT,9220C 9220D 9220E
DFXF,"FORD 4.6L 2V F6AE, F7AE or XW7E block, F5AE or F8AE(w/ CHT Hole) head, F65E-AB/AC/AD front cover...",100,350,L4696R2T,9041 9094E 9094F 9094H
DFXF-LB,"FORD 4.6L 2V F65E/F7AE or XW7E block, F5AE head, LONG BLOCK ONLY",100,350,L4696R2T,N/A
DFXG,"FORD 6.2L 2010-14 F150 or RAPTOR AL3E block, AL3E head, AL3E front cover, AL3E oil pan",500,800,L6211RA,9162A
DFXJ,"FORD 6.2L 2011-16 F250/350 SUPERDUTY AL3E block, AL3E head, AL3E front cover, AL3E oil pan",550,800,L6211SD,9162B
DFXJ-LB,"FORD 6.2L 2011-16 F250/350 SUPERDUTY AL3E block, AL3E head, missing front cover or oil pan",500,800,L6211,NA
DFXM,"FORD 4.6W 2V F75E block, XL3E head,F6AE or F8ZE-BA front cover, F7ZE-AA/AB or XR3E-DB oil pan, FORD 4.6W 2V F75E block, XL3E head, F6AE or F8ZE-BA front cover, F7ZE-AA/AB or XR3E-DB oil pan..",100,375,L4699W2M,":	09006F"
DFXN,"FORD 4.6L 2V XW7E BIG HOLE block, 1L2E head, XR3E-BB front cover, F8AE-AD oil pan..",100,350,L4601R2F,9083A 9083B
DFXR,FORD 3.0L B 4F1E H: 3L8E OP: 3F1E 4G-850..,100,275,L3004DC,
DFXT,"FORD 4.6L 2V F7AE or XW7E 4 PIN block, F5AE head, XR3E-BB front cover, F8AE-AD oil pan, FORD 4.6L 2V F7AE or XW7E 4 PIN block, F5AE head, XR3E-BB front cover, F8AE-AD oil pan..",100,350,L4600R2F,09094C
DFXV,"FORD 3.0L 2F1E, 3F1E / F6DE RWD ROLLER",75,150,L3002VR,9145C/E/G/H
DFXV-LB,FORD 3.0L 3FIE / F6DE LONGBLOCK,1,150,L3002VR,
DFXW-F75E,"FORD 5.4L 2V F75E LIGHTNING block, 2L1E LP head, F75E-AA/BA or F85E-AA front cover, XL1E-CA or F...",150,375,L5499WLTG,300-9091
DFXW-LB,"FORD 5.4L 2V F75E block, 2L1E head, F75E-AA/BA or F85E-AA front cover, NO oil pan",125,375,L5499W2,NA
DFXX-2L1E,"FORD 5.4L 2V 2L1E LIGHTNING block, 2L1E LP head, F85E-AA front cover, XL1E-CA or F65E-HA/HB oil pan",150,375,L5402WLTG,":	9106A 9106B"
DFXY,FORD 3.0L B: 3F1E H:F6DE FWD,100,200,,9067 9071A/B
DFY2,"FORD 4.2L Block - RFXL3E-AD, RF1L3E-BA, Heads - XF2E-AD, YF2E-BA, Crankshaft - F65E-AC",75,150,L4299RSP,9042B
DFYC,"FORD 2.0L ZTECH YS4G-AA block, XS7E-AE head, 978M-6M016-AC/AD Front Cover (lower) None (upper),9...",125,225,L2099CM,9320
DFYP,"FORD 2.0L ZTECH YS4G-AA/AD/AE Block, YS4E-6090-AC/AD Head, 978M-6M016-AC/AD Front Cover (lower) ...",100,200,L2003FOAT,09053A/B/C
DFYW:1G-75,"FORD 3.0L XW4E block, RH: YF1E  LH: YL8E head, 1S7E-AB front cover, YL8E-BA OR 2S7E-AA OR 5L8E-B...",125,275,L3001DT,9190
DFYW:1G-754-AB,"FORD 3.0L XW4E block, RH: YF1E  LH: YL8E head, 1S7E-AB front cover, YL8E-BA OR 2S7E-AA OR 5L8E-B...",125,,L3001DT,
DFYY,FORD 3.0L B: XW4E H: YF1E  OP: F7DE  AG-850..,100,,L3000DC,9185
DFYZ:1G/2G-850,"FORD 3.0L XW4E block, YF1E/YL8E  3L8E/3L8E head, 1F1E-AB front cover, F7DE-BC oil pan",100,275,L3001DC,9059B
DFZ3,"FORD 5.4L 2V F75E block, XL3E head, F75E-AA/BA or F85E-AA front cover, XL1E-CA or F65E-HA/HB oil...",150,375,L5499W2TU,9018A 9018B
DFZ6,FORD 3.8L/232 BL# 1L2E/XL3E-AD HD# YF2E/ XF3E-A22E CRANKSHAFT# F68E,75,150,L3899RSP,9003A
DFZ7,FORD 3.0L B: XW4E H: F7DE OP:F7DE 9G-850-BA..,100,275,L3099DC,300-9730B
DFZ8,"FORD 4.0L Block - 97TM-AA, Heads - 98TM-6090-AD, Crankshaft - 97JM-BA, XL2E-AA/BA",150,150,L40980,71240A 71240C 71240E 71240F
DFZC,"FORD 5.4L 4V F75E block, XL1E,YL7E head, XL1E-AB front cover, XL1E-CA oil pan",200,375,L5499W4LN,9008 9091
DFZF,"FORD 4.6L 2V XW7E BIG HOLE block, 1L2E head, F65E-AB/AC/AD front cover, XL1E-CA or F65E-HA/HB oi...",150,350,L4601R2T,09077A 09077B
DFZF-LB,"XW7E BIG HOLE block, 1L2E head, F65E-AB/AC/AD front cover, NO IOL PAN",100,350,L4601R2T,09077A 09077B
DFZH,"FORD 4.6W 2V F75E block, XL3E head, F65E-AB/AC/AD front cover, XL1E-CA or F65E-HA/HB oil pan",150,375,L4699W2TA,09193B 09006E
DFZK,"FORD 4.6W 2V F75E block, XL3E or 2L1E head, 2L3E-AA/AB front cover, XL1E-CA or F65E-HA/HB oil pan",150,375,L4601W2SC,09143A 09143B
DFZR,"FORD 3.8L/ 232 BL# XL3E/1L3E, 3L3EHD# XF2E/YF1E CRANKSHAFT #1F2E",75,150,L3801RSP,9438 9003B
DFZY-1L3E,"FORD 4.2L Block - 1L3E-BA, 1L3E-BB, Heads - XF2E-AD, YF2E-BA, Crankshaft - F65E-AC, FORD 4.2L Block - 1L3E-BA, 1L3E-BB, Heads - XF2E-AD, YF2E-BA, Crankshaft - F65E-AC....",75,150,L4201RSP,9124 9086A/B
DFZY-3L/4L3E,"FORD 4.2L B: 3L3E, 4L3E H: YF2E-AA E&F SERIES",75,150,L4205RSP,9342
DM33,FORD 351W D2AE / D8OE,150,,,
DMA4,FORD 302 B: E7TE-CA/F3JE MARINE,100,200,,9450D
DO04,OLDS 350 B-752-3B H-554716,75,200,DO04,3057C/D/E/F/G
DP40,"GM 2.5L RWD BL# 032,579 HD# 767,373",150,250,,2425
DP50,GM 2.5L B: 311 H: 635 LONGBLOCK,200,350,,2525
DP50-SB,PONT. 2.5L RWD SHORT BLOCK #311,100,200,DP50s,N/A
DP51,PONT. 2.5L RWD,200,350,,N/A
DP62,GM/PONT. 2.5 RWD BL# 311-046 HD# 514-485,200,350,DP62,N/A
